﻿pos_x,pos_y,rotation,side,designator,mpn,pack,footprint,value,mount_type
150.653,-81.4038,-90.0,top,C1,,,C_Disc_D5.0mm_W2.5mm_P5.00mm,22pF,tht
150.653,-102.154,-90.0,top,C2,,,C_Disc_D5.0mm_W2.5mm_P5.00mm,22pF,tht
185.403,-90.9038,0.0,top,C3,,,CP_Radial_D8.0mm_P3.50mm,470uF,tht
180.653,-81.9038,90.0,top,D1,,,D_DO-41_SOD81_P7.62mm_Horizontal,D_Schottky_ALT,tht
185.653,-81.6538,90.0,top,D2,,,D_DO-41_SOD81_P7.62mm_Horizontal,D_Schottky_ALT,tht
141.605,-80.236,-90.0,top,J1,,,"TerminalBlock_Phoenix_PT-1,5-6-5.0-H_1x06_P5.00mm_Horizontal",Screw_Terminal_01x06,tht
189.103,-68.1038,90.0,bottom,J2,,,PinHeader_2x10_P2.54mm_Vertical,Conn_02x10_Odd_Even,tht
171.153,-106.654,180.0,top,J3,,,PinHeader_2x03_P2.54mm_Vertical,Conn_02x03_Odd_Even,tht
199.403,-86.4038,60.0,top,J4,,,DSUB-15-HD_Female_Horizontal_P2.29x1.98mm_EdgePinOffset8.35mm_Housed_MountingHolesOffset10.89mm,DB15_Female_HighDensity,tht
180.403,-101.404,0.0,top,J5,,,PinHeader_2x03_P2.54mm_Vertical,Conn_02x03_Odd_Even,tht
191.653,-78.4038,0.0,top,R1,,,R_Axial_DIN0207_L6.3mm_D2.5mm_P7.62mm_Horizontal,10k,tht
201.403,-68.6538,180.0,top,R2,,,R_Axial_DIN0207_L6.3mm_D2.5mm_P7.62mm_Horizontal,10k,tht
162.653,-68.9038,180.0,top,R3,,,R_Axial_DIN0207_L6.3mm_D2.5mm_P7.62mm_Horizontal,10k,tht
167.903,-96.4038,90.0,top,R4,,,R_Axial_DIN0207_L6.3mm_D2.5mm_P7.62mm_Horizontal,220,tht
155.653,-74.1538,0.0,top,U1,,,DIP-28_W7.62mm,ATmega328-PU,tht
167.903,-74.1538,0.0,top,U2,,,DIP-8_W7.62mm,LCC110,tht
150.653,-91.9038,-90.0,top,Y1,,,Crystal_HC49-U_Vertical,Crystal,tht
