﻿Designator,Quantity,Value,Footprint,Package,MPN,DNP,Mount_Type
"C1, C2",2,22pF,C_Disc_D5.0mm_W2.5mm_P5.00mm,,,,tht
C3,1,470uF,CP_Radial_D8.0mm_P3.50mm,,,,tht
"D1, D2",2,D_Schottky_ALT,D_DO-41_SOD81_P7.62mm_Horizontal,,,,tht
J1,1,Screw_Terminal_01x06,"TerminalBlock_Phoenix_PT-1,5-6-5.0-H_1x06_P5.00mm_Horizontal",,,,tht
J2,1,Conn_02x10_Odd_Even,PinHeader_2x10_P2.54mm_Vertical,,,,tht
"J3, J5",2,Conn_02x03_Odd_Even,PinHeader_2x03_P2.54mm_Vertical,,,,tht
J4,1,DB15_Female_HighDensity,DSUB-15-HD_Female_Horizontal_P2.29x1.98mm_EdgePinOffset8.35mm_Housed_MountingHolesOffset10.89mm,,,,tht
"R1, R2, R3",3,10k,R_Axial_DIN0207_L6.3mm_D2.5mm_P7.62mm_Horizontal,,,,tht
R4,1,220,R_Axial_DIN0207_L6.3mm_D2.5mm_P7.62mm_Horizontal,,,,tht
U1,1,ATmega328-PU,DIP-28_W7.62mm,,,,tht
U2,1,LCC110,DIP-8_W7.62mm,,,,tht
Y1,1,Crystal,Crystal_HC49-U_Vertical,,,,tht
