﻿pos_x,pos_y,rotation,side,designator,mpn,pack,footprint,value,mount_type
167.79,-90.14,90.0,top,C1,,,CP_Radial_D4.0mm_P1.50mm,1uF,tht
161.544,-91.948,90.0,bottom,J1,,,PinHeader_2x13_P2.54mm_Vertical,Conn_02x13_Odd_Even,tht
109.702,-106.708,0.0,top,J2,,,"TerminalBlock_Phoenix_PT-1,5-10-5.0-H_1x10_P5.00mm_Horizontal",Screw_Terminal_01x10,tht
165.582,-110.518,180.0,top,J3,,,Jack_3.5mm_CUI_SJ1-3533NG_Horizontal_CircularHoles,AudioJack3,tht
123.672,-94.008,0.0,top,J4,,,PinHeader_2x03_P2.54mm_Vertical,Conn_02x03_Odd_Even,tht
136.372,-97.818,0.0,top,R1,,,R_Axial_DIN0207_L6.3mm_D2.5mm_P7.62mm_Horizontal,220,tht
149.072,-97.818,0.0,top,R2,,,R_Axial_DIN0207_L6.3mm_D2.5mm_P7.62mm_Horizontal,220,tht
161.29,-95.64,0.0,top,R3,,,R_Axial_DIN0207_L6.3mm_D2.5mm_P7.62mm_Horizontal,2.2k,tht
