﻿Designator,Quantity,Value,Footprint,Package,MPN,DNP,Mount_Type
C1,1,1uF,CP_Radial_D4.0mm_P1.50mm,,,,tht
J1,1,Conn_02x13_Odd_Even,PinHeader_2x13_P2.54mm_Vertical,,,,tht
J2,1,Screw_Terminal_01x10,"TerminalBlock_Phoenix_PT-1,5-10-5.0-H_1x10_P5.00mm_Horizontal",,,,tht
J3,1,AudioJack3,Jack_3.5mm_CUI_SJ1-3533NG_Horizontal_CircularHoles,,,,tht
J4,1,Conn_02x03_Odd_Even,PinHeader_2x03_P2.54mm_Vertical,,,,tht
"R1, R2",2,220,R_Axial_DIN0207_L6.3mm_D2.5mm_P7.62mm_Horizontal,,,,tht
R3,1,2.2k,R_Axial_DIN0207_L6.3mm_D2.5mm_P7.62mm_Horizontal,,,,tht
