﻿Designator,Quantity,Value,Footprint,Package,MPN,DNP,Mount_Type,Description,Manufacturer part#,Vendor,Vendor part#,Part#,alt vendor,alt vendor part#
"C1, C2",2,22pF,C_0805_2012Metric_Pad1.18x1.45mm_HandSolder,,,,smt,Unpolarized capacitor,CL21C220JBANNNC,JLCPCB,C1804,,,
"C10, C11, C12, C7, C9",5,.1uF,C_0805_2012Metric_Pad1.18x1.45mm_HandSolder,,,,smt,"Unpolarized capacitor, small symbol",CL21B104KCFNNNE,JLCPCB,C28233,,,
"C3, C4, C5, C6",4,100uF 6.3V,CP_EIA-3528-21_Kemet-B_Pad1.50x2.35mm_HandSolder,,,,smt,,TAJB107K006RNJ,JLCPCB,C16133,,,
"D1, D2, D3",3,D_Schottky_ALT,D_SOD-123,,,,smt,,B5819W SL,JLCPCB,C8598,,,
"H1, H2",2,MountingHole_Pad,MountingHole_3.5mm_Pad,,,,tht,Mounting Hole with connection,,,,,,
J1,1,Screw_Terminal_01x06,"TerminalBlock_Phoenix_PT-1,5-6-5.0-H_1x06_P5.00mm_Horizontal",,,,tht,"Generic screw terminal, single row, 01x06, script generated (kicad-library-utils/schlib/autogen/connector/)",,digikey,,277-1581-ND,,
J2,1,Conn_02x10_Odd_Even,PinHeader_2x10_P2.54mm_Vertical,,,,tht,"Generic connector, double row, 02x10, odd/even pin numbering scheme (row 1 odd numbers, row 2 even numbers), script generated (kicad-library-utils/schlib/autogen/connector/)",,digikey,,SAM1068-10-ND,,
"J3, J5",2,Conn_02x03_Odd_Even,PinHeader_2x03_P2.54mm_Vertical,,,,tht,"Generic connector, double row, 02x03, odd/even pin numbering scheme (row 1 odd numbers, row 2 even numbers), script generated (kicad-library-utils/schlib/autogen/connector/)",,digikey,,[J3]732-5394-ND; [J5]609-3234-ND,,
J4,1,DE15_Receptacle_HighDensity_MountingHoles,DSUB-15-HD_Female_Horizontal_P2.29x1.98mm_EdgePinOffset8.35mm_Housed_MountingHolesOffset10.89mm,,,,tht,"15-pin female receptacle socket D-SUB connector, High density (3 columns), Triple Row, Generic, VGA-connector, Mounting Hole",Z-SUBHRBF707A000,JLCPCB,C235854,,,
J6,1,USB_C_Receptacle_USB2.0,USB_C_Receptacle_G-Switch_GT-USB-7010ASV,,,,smt,USB 2.0-only Type-C Receptacle connector,TYPE C-DB-108PWB,JLCPCB,C2936184,,mouse,640-USB4105-GF-A
JP1,1,SolderJumper_2_Open,PinHeader_1x02_P2.54mm_Vertical,,,,tht,"Solder Jumper, 2-pole, open",,,,,,
"JP2, JP3, JP4, JP5",4,SolderJumper_2_Open,SolderJumper-2_P1.3mm_Open_RoundedPad1.0x1.5mm,,,,tht,"Solder Jumper, 2-pole, open",,,,,,
"R1, R2, R3, R6, R7",5,10k,R_0805_2012Metric_Pad1.20x1.40mm_HandSolder,,,,smt,"Resistor, small US symbol",0805W8F1002T5E,JLCPCB,C17414,,,
"R10, R9",2,27,R_0805_2012Metric_Pad1.20x1.40mm_HandSolder,,,,smt,"Resistor, small US symbol",0805W8F270JT5E,JLCPCB,C17594,,,
"R4, R5, R8",3,5.1K,R_0805_2012Metric_Pad1.20x1.40mm_HandSolder,,,,smt,"Resistor, small US symbol",0805W8F5101T5E,JLCPCB,C27834,,,
U1,1,ATmega328P-AU,TQFP-32_7x7mm_P0.8mm,,,,smt,,ATMEGA328P-AU,JLCPCB,C14877,,,
U2,1,TS5A23159DGS,VSSOP-10_3x3mm_P0.5mm,,,,smt,"Dual SPDT 1ohm Bidirectional Analog Switch with Off protection, VSSOP-10",TS5A23159DGSR,JLCPCB,C42751,,,
U3,1,FT231XS,SSOP-20_3.9x8.7mm_P0.635mm,,,,smt,"Full Speed USB to Full Handshake UART, SSOP-20",FT231XS-R,JLCPCB,C132160,,,
Y1,1,16 Mz cystal,Crystal_SMD_3225-4Pin_3.2x2.5mm_HandSoldering,,,,smt,"Four pin crystal, GND on pins 2 and 4",X322516MLB4SI,JLCPCB,C13738,,,
