﻿pos_x,pos_y,rotation,side,designator,mpn,pack,footprint,value,mount_type
169.063,-79.1138,180.0,top,C1,,,C_0805_2012Metric_Pad1.18x1.45mm_HandSolder,22pF,smt
164.733,-98.4738,0.0,top,C10,,,C_0805_2012Metric_Pad1.18x1.45mm_HandSolder,.1uF,smt
163.113,-82.1838,90.0,top,C11,,,C_0805_2012Metric_Pad1.18x1.45mm_HandSolder,.1uF,smt
187.973,-89.8113,-90.0,top,C12,,,C_0805_2012Metric_Pad1.18x1.45mm_HandSolder,.1uF,smt
169.313,-88.0338,180.0,top,C2,,,C_0805_2012Metric_Pad1.18x1.45mm_HandSolder,22pF,smt
165.318,-94.3838,0.0,top,C3,,,CP_EIA-3528-21_Kemet-B_Pad1.50x2.35mm_HandSolder,100uF 6.3V,smt
160.023,-81.5888,90.0,top,C4,,,CP_EIA-3528-21_Kemet-B_Pad1.50x2.35mm_HandSolder,100uF 6.3V,smt
187.993,-84.1388,90.0,top,C5,,,CP_EIA-3528-21_Kemet-B_Pad1.50x2.35mm_HandSolder,100uF 6.3V,smt
185.953,-95.7988,-90.0,top,C6,,,CP_EIA-3528-21_Kemet-B_Pad1.50x2.35mm_HandSolder,100uF 6.3V,smt
163.153,-86.9038,90.0,top,C7,,,C_0805_2012Metric_Pad1.18x1.45mm_HandSolder,.1uF,smt
189.6555,-94.1538,0.0,top,C9,,,C_0805_2012Metric_Pad1.18x1.45mm_HandSolder,.1uF,smt
193.813,-62.1038,180.0,top,D1,,,D_SOD-123,D_Schottky_ALT,smt
195.513,-78.7738,-90.0,top,D2,,,D_SOD-123,D_Schottky_ALT,smt
148.943,-92.2038,-90.0,top,D3,,,D_SOD-123,D_Schottky_ALT,smt
141.605,-80.236,-90.0,top,J1,,,"TerminalBlock_Phoenix_PT-1,5-6-5.0-H_1x06_P5.00mm_Horizontal",Screw_Terminal_01x06,tht
189.103,-68.1038,90.0,bottom,J2,,,PinHeader_2x10_P2.54mm_Vertical,Conn_02x10_Odd_Even,tht
171.153,-106.654,180.0,top,J3,,,PinHeader_2x03_P2.54mm_Vertical,Conn_02x03_Odd_Even,tht
199.403,-86.4038,60.0,top,J4,,,DSUB-15-HD_Female_Horizontal_P2.29x1.98mm_EdgePinOffset8.35mm_Housed_MountingHolesOffset10.89mm,DE15_Receptacle_HighDensity_MountingHoles,tht
180.403,-101.604,0.0,top,J5,,,PinHeader_2x03_P2.54mm_Vertical,Conn_02x03_Odd_Even,tht
156.343,-106.3438,0.0,top,J6,,,USB_C_Receptacle_G-Switch_GT-USB-7010ASV,USB_C_Receptacle_USB2.0,smt
170.623,-91.7988,0.0,top,JP1,,,PinHeader_1x02_P2.54mm_Vertical,SolderJumper_2_Open,tht
148.943,-85.9138,-90.0,top,R1,,,R_0805_2012Metric_Pad1.20x1.40mm_HandSolder,10k,smt
156.293,-97.0538,90.0,top,R10,,,R_0805_2012Metric_Pad1.20x1.40mm_HandSolder,27,smt
148.423,-104.1838,90.0,top,R2,,,R_0805_2012Metric_Pad1.20x1.40mm_HandSolder,10k,smt
160.383,-69.8838,0.0,top,R3,,,R_0805_2012Metric_Pad1.20x1.40mm_HandSolder,10k,smt
163.813,-105.9638,-90.0,top,R4,,,R_0805_2012Metric_Pad1.20x1.40mm_HandSolder,5.1K,smt
150.833,-98.1838,180.0,top,R5,,,R_0805_2012Metric_Pad1.20x1.40mm_HandSolder,5.1K,smt
177.673,-91.7038,90.0,top,R6,,,R_0805_2012Metric_Pad1.20x1.40mm_HandSolder,10k,smt
181.183,-97.9838,0.0,top,R7,,,R_0805_2012Metric_Pad1.20x1.40mm_HandSolder,10k,smt
171.813,-75.3338,180.0,top,R8,,,R_0805_2012Metric_Pad1.20x1.40mm_HandSolder,5.1K,smt
154.163,-97.0538,90.0,top,R9,,,R_0805_2012Metric_Pad1.20x1.40mm_HandSolder,27,smt
179.828,-83.7538,0.0,top,U1,,,TQFP-32_7x7mm_P0.8mm,ATmega328P-AU,smt
152.703,-81.5038,0.0,top,U2,,,VSSOP-10_3x3mm_P0.5mm,TS5A23159DGS,smt
156.3005,-90.4738,-90.0,top,U3,,,SSOP-20_3.9x8.7mm_P0.635mm,FT231XS,smt
169.178,-83.6288,-90.0,top,Y1,,,Crystal_SMD_3225-4Pin_3.2x2.5mm_HandSoldering,16 Mz cystal,smt
