﻿pos_x,pos_y,rotation,side,designator,mpn,pack,footprint,value,mount_type
173.462,-69.69,180.0,top,J1,,,"TerminalBlock_Phoenix_PT-1,5-10-5.0-H_1x10_P5.00mm_Horizontal",Screw_Terminal_01x10,tht
117.462,-69.69,180.0,top,J2,,,"TerminalBlock_Phoenix_PT-1,5-4-5.0-H_1x04_P5.00mm_Horizontal",Screw_Terminal_01x04,tht
150.882,-80.27,180.0,top,J7,,,Molex_Micro-Fit_3.0_43045-2400_2x12_P3.00mm_Horizontal,Conn_02x12_Top_Bottom,tht
164.462,-78.69,-90.0,top,M1,,,FanPinHeader_1x04_P2.54mm_Vertical,Fan_Tacho_PWM,tht
